Img_path,Class_name,x,y,x2,y2
images\KNB2lEjy-YRoi-BI4E-P5wb-6WkE7Tgd1Of4.jpg,yellow,592,1,634,91
images\WYPvUGF5-If7e-6zix-Py8l-PWueJmKXFwQ8.jpg,yellow,216,20,324,177
images\BVF5KqCJ-hzBt-jYRs-hmTZ-xOVwSk4rFyfl.jpg,green,216,20,324,177
images\wSgY9BZH-tLaN-E9kT-Hz8W-7qDREyJGeXmT.jpg,yellow+red,538,18,592,122
images\a9tyvB6V-EqsD-bZT1-LwJn-W4zTDrYixh17.jpg,red,222,20,330,177
images\yFAoI8Rq-AC0X-u6KG-7563-opsqGl8icVSH.jpg,green,226,20,334,177
images\0MJIzRyK-nB9y-9W7t-yFYp-Xd0BCohuAqyg.jpg,yellow,136,36,281,212
images\4KNETnA9-RDHA-lvG9-54jV-B0KcsV8vGzHe.jpg,green,140,36,284,212
images\HARaqBY7-TDUP-w9nC-uk4O-pYDuFSck0sKz.jpg,yellow,140,36,284,212
images\F8OhtBkA-V1IQ-6wEQ-dQjY-QtIBohuSZdpr.jpg,green,140,36,284,212
images\mls4fLSE-ehKa-qLf6-Sx0B-RL4cZtXu6edh.jpg,off,140,36,284,212
images\0OPAe3jo-9Tst-RoZE-lVa0-v7m6lK0TfOHZ.jpg,green,140,36,284,212
images\i1nMkelt-FEs0-LWDV-Ey9m-76akHSqLugZe.jpg,green,140,36,284,212
images\80ruSMvY-6nhf-4DYG-tA9s-bxuAIl97wRac.jpg,yellow,140,36,284,212
images\gSWBD2lC-Z471-Vcsy-gasH-8uR6yYKgxAvL.jpg,yellow,140,36,284,212
images\VR3UICBw-Pmwc-pPeT-i0tN-SXl5R2K8yrnw.jpg,yellow+red,97,44,241,227
images\6GxFJZKH-tQX4-e1So-izKC-ECsjLFgxBQ57.jpg,red,538,18,592,122
images\OvUX6b0P-JayS-orbR-eoNF-o5wOZsJfv3Ax.jpg,green,102,41,246,224
images\RtYJnTQC-38Zq-NQ1m-uEIi-C43AKbaf9moD.jpg,yellow+red,102,41,246,224
images\ub92BOUe-C3pd-TeUM-4B91-uf6oPb71kjC0.jpg,red,115,37,259,220
images\4ZECLUzo-cEWI-KqHi-Qwmy-xehCZN4oLiDb.jpg,red,124,38,268,222
images\3sxAV74Y-5EKr-AYCa-qK2Q-lJy6Vw2c4DFx.jpg,yellow+red,75,40,226,229
images\0Ye1akzJ-1EWm-b1oD-ZxR1-UfMnXiyNK7xS.jpg,yellow+red,67,40,223,238
images\mVFRZKlp-VuRa-IyMj-nrtw-hwG2a1SZ0Ybt.jpg,off,60,38,216,236
images\aHFCY5si-FcRz-jwpn-Osjh-neWxafZU2yXm.jpg,red,60,38,216,236
images\K4quVeTX-EewX-CP5i-D3O1-bXUA5BQR2NZH.jpg,green,60,38,216,236
images\5ZKv82Rt-Mjyt-5jkR-J0NH-8eUZEvjOkqI9.jpg,red,0,40,165,256
images\ymxnqKi5-kSpA-La0k-w1ov-CpTmJLbNrjRl.jpg,green,0,42,170,263
images\jw12TXU8-ohsw-oHuk-xrKi-QZ7CvThEK8pk.jpg,yellow+red,0,42,170,263
images\yoXb73pf-juCD-yCRe-MRS5-Wk47RB2niFvU.jpg,green,537,24,581,137
images\mUMHnYf0-6EYD-GBOw-QgZR-ZwCzVapGbHyO.jpg,yellow+red,6,40,193,254
images\MyqkEmlg-GUfC-zF8o-Zv2D-sxIuYb6j3hpB.jpg,yellow,15,40,202,253
images\5pXu9MkP-z5Yi-JOEq-0WYJ-D9sgCYz52Lnc.jpg,off,667,12,740,188
images\Byof41VC-vHhq-OFnQ-TGtq-K7Vzjhf1iXyZ.jpg,yellow+red,667,12,740,188
images\B8qbAOYC-kXID-kdAs-eO2L-vuqT8FsCpBJt.jpg,yellow,538,16,584,140
images\V6YO45lG-UPjB-v7CK-ptJa-pKlZ2u7LzafA.jpg,yellow,660,0,694,82
images\Hwyfvc5O-xpDl-o45G-n0iq-PQXOu5WpATJc.jpg,green,660,0,694,82
images\9KXe40v6-IU3H-Rjta-lu1y-QOjm7WGDi1f8.jpg,yellow+red,664,0,698,82
images\bZI4wqGm-L1ZS-3hra-yLA1-Pc1ptM4iDXo8.jpg,off,667,0,702,82
images\JZUSBow3-QWtY-4SyJ-pZyE-ycId3mR1vEqA.jpg,red,671,0,700,80
images\HOpYUBlq-ZgDt-nOTA-y3DY-Pf9TZwAdF76E.jpg,yellow,673,0,708,86
images\CvjKpHu1-xWZn-jlfd-NkjV-PVp0CcorT7hA.jpg,green,678,0,707,81
images\7Oryh04B-39Ja-soaJ-j569-wQtYjXT0RFod.jpg,yellow+red,650,4,683,96
images\5Blzi3HE-sE8m-vrCx-LhY8-JZmiRdcbEqsj.jpg,off,536,22,582,138
images\NG3dY72R-siVy-UG6u-1LMD-LRuHoCOkNgsI.jpg,green,652,7,683,98
images\VjZMsXOh-STQ7-VSZh-TfOF-z0wTI3AGRpl7.jpg,yellow,646,7,683,98
images\97gah3U4-a1n2-q03l-IBbe-elCEZYitkjf2.jpg,yellow+red,646,7,683,98
images\JyiqKrw7-EYo5-7vIa-HIOW-hNA2kzVeugHq.jpg,yellow,646,7,683,98
images\zsECUYr2-iYb2-WbDo-J6PH-QgRAyUSN71XD.jpg,yellow+red,642,7,679,98
images\9EpaG45r-r2Rl-EfkA-S9N4-o1DyLQrIwjeX.jpg,yellow,642,7,679,98
images\wOuZ62Tf-yZad-eBlR-Fs5R-TYSmXM7Fitya.jpg,red,642,7,679,98
images\ORTsr5zB-Z7Gl-kcey-V9rK-pZPIfAuel1vG.jpg,yellow,632,20,678,126
images\RzBk7pMV-jw0K-4Ejt-f8wL-4MWe3CI16wxV.jpg,yellow,632,20,678,126
images\h7NBrVZF-PVyW-mTrE-ay7p-XNw63MVPrGgb.jpg,red,632,20,678,126
images\p1gLUZwm-XPur-6AXF-GRUp-yJho3WzYAl9n.jpg,off,632,20,678,126
images\gtxmT8HC-VlZB-SD8I-R0Gk-K690BzCYuwyi.jpg,yellow+red,632,20,678,126
images\6gepqCrv-4RBv-TnGV-Icgr-Z10juldxer7W.jpg,green,632,20,678,126
images\4i8hj2En-lqrM-0g1f-eyW3-mOYoX7RxAZnz.jpg,yellow+red,642,20,688,126
images\XKl4vzbY-eH36-Q2ZM-jfWU-jgRU4HPf50xe.jpg,yellow+red,642,20,688,126
images\yS9I0hw8-a9xV-Ofhz-iJjF-GkbZthuewE4K.jpg,off,645,20,691,126
images\IHpAJVGK-4NDi-gczS-WwZI-8nCZOaKgzvko.jpg,green,640,24,686,129
images\5RnkGIPF-IdiU-yUOC-gMZI-BEKMCw9tlugO.jpg,red,640,24,686,129
images\lPK0I4Go-VDXG-Xgul-Svxh-WthuP7c2mZoG.jpg,yellow+red,640,24,686,129
images\4Jn1Dx5f-i1xg-WyQI-kIGV-Rhb7ct10OULJ.jpg,yellow,534,24,589,138
images\6biU4fHu-6spm-Ir8t-tOXq-1l2cVLOH5Ap9.jpg,yellow+red,634,23,680,128
images\WeEg0aGz-FHUZ-VPiN-lHgP-L1BGWCgxTclO.jpg,green,634,23,680,128
images\NTh1OFmk-QFkT-twPQ-b0a6-KGJa13wln8t9.jpg,yellow+red,634,23,680,128
images\fDRsmcTq-oyCk-mlyO-gJk9-AHFsCxRKJn4h.jpg,red,658,23,705,140
images\0jepvIbg-erMw-KPvA-EUwo-WfBheutHUVXC.jpg,yellow+red,658,23,712,140
images\BHD9Ub1n-gDkB-7plu-70tJ-ZNmRLDuSV09W.jpg,green,662,23,716,140
images\yeCfnt23-XUDK-OkBJ-H2Ro-B0rhCg2EVIkz.jpg,red,667,23,721,140
images\cP15ryBE-0vah-I8es-skWj-r0SyDGkHRsQL.jpg,yellow+red,535,21,591,138
images\fHxe0utJ-DmAv-LSDR-GCNd-ndqG1rzjyQN7.jpg,green,674,23,728,140
images\8xke3iXy-0kJm-D0fV-Pc6A-ZeTS0OJimh1H.jpg,off,674,23,728,140
images\j1QJs6n7-hae5-9q3C-wzZm-75hpC3IkjQeR.jpg,yellow,674,23,728,140
images\idgkWqya-cLmr-TKAp-Rwps-JsLlYTmj5H2P.jpg,green,674,23,728,140
images\NoV29GIj-yzZf-ImGB-8rwK-0rfC8iVEWelb.jpg,yellow+red,664,24,718,142
images\1S72iuVG-Ng0K-5nfa-SOFz-B5c3NuOjrz8i.jpg,green,660,24,714,142
images\19tCayBI-8qDL-1jix-JlpP-A4pT6xruavgq.jpg,green,652,24,706,142
images\b90GnEgR-yd6l-q4M2-PBsG-3ObfiaknpFjL.jpg,green,644,24,698,153
images\16FsY5nH-TY1e-VeD8-n2eb-8VLIel07owjx.jpg,red,644,24,698,153
images\iaR1YXte-m1py-b8eE-c4uT-Wwtb3ASQ6yPI.jpg,green,644,24,698,153
images\L9euldri-U9Gt-0ozR-gLSp-NVTm0RjdnzfF.jpg,yellow+red,650,24,703,153
images\tFGm8Kin-c70K-N0Zw-K9kv-puncf2J4xrWI.jpg,yellow+red,536,19,596,140
images\wETH4hbt-zZgb-CAqf-tE7U-6z4fkWMJ7wnL.jpg,yellow,660,24,713,153
images\Y3tSOaGn-NBsH-gthe-quEp-yGCRlw1T6E8a.jpg,green,660,24,713,153
images\kuwt51M0-vFCy-yEM2-J1yx-w70EoORWpikI.jpg,yellow,668,24,724,158
images\CgLUJQVI-jDlA-LM9Z-8DUF-N1MkrHmdRwaU.jpg,green,671,24,724,154
images\ByILpt4U-ysXB-kyXt-MPLe-dkVZWIz3Nuag.jpg,red,671,24,724,154
images\Uwxsytji-0nS4-3rET-deNQ-bKtxmTsEJZVg.jpg,off,536,19,596,140
images\ONIbvQHo-jyb8-yuPo-XoLd-LW3ic1PODVZa.jpg,red,659,23,710,159
images\8XdZTlvJ-YSAW-5QAV-pzTY-QZjOXxa8YTyz.jpg,green,659,23,710,159
images\qfykVsFr-EQN6-HXps-CWvS-ownq5c7HelVu.jpg,off,654,23,702,168
images\lAHa0qft-j9kU-vWcb-vPgV-gB0my9URp16K.jpg,yellow+red,654,23,702,168
images\v15XqNtc-DFib-axnQ-1YSN-Q40SIA9aLWVq.jpg,off,654,23,706,177
images\l8Wwog2a-u3nV-kdnI-zgUj-SeUDJ8fLRYdh.jpg,red,646,23,698,177
images\xfO35E4U-W9TA-7EeA-E375-kMxPXbJjIcUH.jpg,yellow,646,23,698,177
images\QZbVJKol-3qda-Ikl4-PFqa-gtBMr9eoCkaA.jpg,yellow+red,638,23,698,175
images\ferdGxVF-LEC7-xF5e-Fno3-8XiNO3wqDjrh.jpg,yellow,638,23,698,175
images\CW0eSADr-g4q1-Mdmx-vshz-dSyZk58wmQEt.jpg,red,542,19,596,141
images\iUBTtnfO-ka3n-VdRD-zVO3-Cgc5iuRvjMf8.jpg,off,644,26,704,178
images\sLDuaJiW-3AvM-EG4m-BxsZ-K3IDp8xyoZzV.jpg,yellow+red,644,26,704,178
images\GfXxyPHD-Jrv5-uMJS-KIUc-4nhvwsuL972a.jpg,yellow,644,26,704,178
images\h1sKwMBy-lwd8-d3SI-Bz2P-zVN4gUZwLsvG.jpg,yellow+red,644,26,704,178
images\0vk8OYIK-ODLI-ICli-osKv-Md65PJRiOslc.jpg,green,653,28,713,180
images\ZSxTic4w-3Pbz-N7or-JAqP-NabtkQ8djXoO.jpg,green,652,26,712,178
images\9RqgkC8L-IRmP-RVOw-aE5w-uwxMgzCOlE0v.jpg,yellow+red,658,26,718,178
images\XHtEjWpz-8cTq-p1UH-DnUw-jaJtcVY9gP1Z.jpg,yellow+red,668,26,724,188
images\4xWVRfG6-Hcm2-suil-X0hZ-U95DlwCEZYju.jpg,yellow,542,19,596,141
images\LKjAoWxF-MhjO-gkEa-rjB0-ZpJnAYGbv9Vx.jpg,red,668,26,724,188
images\bxX9Ew7j-vWsh-W8Uk-2O5o-nMhaUlwBxYOD.jpg,off,668,26,724,188
images\FfqLE3gy-9O3f-vL8I-dyjl-ExFk2JRZKY4M.jpg,green,668,26,722,194
images\SpHPcx5D-LFuJ-XDTo-LzCb-L8XfUpl1PTts.jpg,yellow,648,25,713,199
images\HTMV0hik-aeXW-KGsQ-liVh-N2TPqXOZDGJf.jpg,red,648,25,713,199
images\U4tyuQzK-7ezR-lyjd-PS2g-I7KfLYjW6qvU.jpg,yellow+red,539,16,594,142
images\RYBjl4MZ-FBvh-WXgr-hU1E-Cgk9yHtYxKOh.jpg,yellow,640,25,713,194
images\3A678D2k-ZAeE-35VB-pHkM-Rx6zqA1ZnM8D.jpg,green,640,25,713,194
images\9ka73AHi-C5n1-UuSb-cSDZ-zbI9n84QMCOf.jpg,red,640,25,712,201
images\ofMcdLKt-n2bM-bvrW-8scC-4IniOfPvHEwo.jpg,green,640,25,712,201
images\dvDP1KU4-S4KX-4L6v-AxG6-d0Xb2QfZcv8V.jpg,green,640,25,714,208
images\XYZWcPwl-PUeJ-MyrU-gSVh-2GB0kZCIYhLD.jpg,yellow,539,16,594,142
images\GWwSx2kD-rySM-wcls-VlIm-7scdhCYuyZJA.jpg,yellow+red,640,25,714,208
images\PDQ1cgNZ-jWXs-XvrA-ZAL5-CRtaeIqvAKOM.jpg,yellow+red,664,22,738,205
images\MFs2G3PU-GRdj-NIDR-cGM7-ajRAmp8q1u4Y.jpg,red,686,18,762,218
images\BxcfnCGM-ROku-VhW3-FqPC-lnYoqb7pARCX.jpg,yellow+red,686,18,762,218
images\376fwU4a-GLcl-H8Ae-ljTh-LPYt0vfOBGUj.jpg,green,676,18,752,218
images\UMukWin5-fBHj-B6pR-DwRv-GDp5NK2ziI3T.jpg,off,676,18,752,218
images\VzrZm6pY-cVFf-5xpG-GDLT-2eM1cDkjdKSf.jpg,yellow+red,539,16,594,142
images\ZHpO2mXB-pw6Z-bXHY-cy0p-Hi4mILvqsh1Y.jpg,yellow+red,666,18,742,218
images\KrO4XBhz-GNI1-ZEdr-YZj4-HF6Zy1cIpsiK.jpg,green,660,18,742,222
images\Vs4alUQH-GgvS-Xolt-V4Dw-kGlhvHfajBye.jpg,yellow+red,660,18,742,222
images\yU4ZTAHM-SX5V-bS7w-asML-rOTPxaVdRIL0.jpg,yellow+red,628,16,710,220
images\eyC8Ql9q-RPnz-izH8-WlpY-JgvPKiDHOQ5e.jpg,yellow,628,16,710,220
images\bXSvCFKl-wf2W-IBUd-CGfy-f0HEGAkZiyuU.jpg,red,628,16,710,220
images\qsWrBQYx-StIP-XkHr-PcSb-JaZplWM3728V.jpg,off,618,24,700,229
images\Fl58bwPk-ntkB-Jpiu-sfML-wSblWZmzY0oM.jpg,red,618,24,700,229
images\z2N3Eaon-DrVQ-KyLI-s7G6-KmyaqHToJISB.jpg,green,613,24,695,229
images\6TUGbqjn-v6ol-qpxH-B0hJ-qHDSEpQlTeNj.jpg,off,613,24,695,229
images\z0tPSnkm-j218-pSmJ-mGyH-dEYf2Fv5oVkb.jpg,green,613,24,695,229
images\igvKj4fr-D4Vl-jG0Q-YZtM-gMiXkBzT2jdo.jpg,red,620,24,702,229
images\kue7Cwb0-2iGj-mUQW-BiLH-rNQIRHgY2d4h.jpg,green,544,16,599,142
images\rvNKsQ4S-vGpI-Vb96-N8VX-yKEPbNoh6FRl.jpg,yellow,631,24,713,229
images\5jzpKGNR-4dK0-W5aI-74gz-19gxwheE7Ook.jpg,yellow+red,635,24,717,229
images\5ERPrZ7J-Vu2S-x913-R3kS-BWQsMYfR2bNq.jpg,off,647,22,734,248
images\JelzNpAh-afE4-apge-BKdx-Lkj52gvUKSaA.jpg,yellow+red,617,28,702,256
images\Fuq0gQYf-ZsIQ-xztN-3RML-c4OnDZkd8wpx.jpg,yellow,610,26,690,251
images\EWRJUICu-Elki-hvZN-TgcX-9bmqd56irYzl.jpg,green,610,26,690,251
images\Gj7w9Tmi-bOS7-OTFv-PItL-NhpTJO7lzxBq.jpg,yellow,602,26,683,251
images\IrYdGLvZ-nhG0-qN0f-q0CF-mx7BWyGDrpjz.jpg,off,603,24,678,244
images\hg6FuiE3-pSX9-m9vh-lQuM-kTqcpKULO2vD.jpg,green,584,26,650,247
images\1vSUjxsV-TsPl-uS6R-CsE9-Uu8EYJjXM642.jpg,red,537,14,596,144
images\KYWiMzTS-FoSR-BQXk-HilW-3nB89ZW6iqLD.jpg,yellow+red,600,26,685,266
images\diB2khxH-B9pC-2nXi-FNRC-9rKY2cMhAgIp.jpg,off,630,25,714,264
images\Au3Zq1jK-BuI8-1Egu-S0W2-6Dq91ZCFiTzW.jpg,red,630,25,714,264
images\WemM0Nyt-dUGR-kRoG-YZUl-FBfjPqtdu9az.jpg,off,637,26,722,265
images\Kfonhdx4-gxqP-XYjt-WOXu-tCrOLpGyfvgj.jpg,red,637,26,722,265
images\GQIxkyU1-Tpxr-tnTO-Yb3z-MNRxeUynzgWp.jpg,green,654,26,720,264
images\bkJZsd1Q-a9O6-oxT1-sGQK-mSpQYBoLFjxv.jpg,green,654,26,720,264
images\uTpG59qL-FmiS-49C2-LFe3-R6Gg5lwAaXvU.jpg,green,654,26,732,263
images\4TVPClpD-FiTy-jOWl-XRML-YRyVuw4PsZjS.jpg,green,651,26,728,263
images\fLk3hYoB-Yhmy-EzSk-3YhQ-fH2hoZWvNgSR.jpg,red,622,22,720,288
images\Yv8S3QcP-WNLU-qzkh-yYRH-StKBkeufrbOy.jpg,red,587,21,685,287
images\8Y5X1WTG-MQGo-nGDl-LegO-d750Aqi2Zbt4.jpg,yellow,572,19,666,271
images\zRgpNxqy-b0Fz-cTuH-leBM-QwFJknO6EsIT.jpg,red,572,19,666,271
images\hwV3cHiU-EnrV-ATIl-pTUD-zOlDtuinLNIF.jpg,red,498,21,568,164
images\hTl6oeku-vBWO-O0Li-HfbQ-J4TZCOVIphF9.jpg,off,572,19,645,260
images\YprTzZi1-R6Vm-4tYU-xWEl-UIOKphdDG6ym.jpg,green,550,21,646,282
images\m9yROw4s-v2XP-4Is7-xChq-vAtsD47afMxi.jpg,off,550,21,646,282
images\LcwTEuxF-FunW-3fBe-vgqt-H7KTJuQyP6zp.jpg,yellow+red,557,21,658,284
images\XaF9vDlT-voWF-IwnG-3ywu-Ok8o63m5WNeX.jpg,green,592,21,693,284
images\z3EkN9Lp-Jhsn-BtyV-qX9s-nWvLXiM5E27I.jpg,yellow,498,21,566,168
images\SA8OuCVQ-YJbz-wyhb-baAV-dypgBS4K9qWw.jpg,red,631,20,714,280
images\oOziUalK-zT0H-Dson-l3kY-jIrnMeuAWtNP.jpg,red,604,0,704,318
images\zQTRjHiM-2fjN-7q8V-tep9-bEOFVrsaUg6T.jpg,yellow+red,604,0,704,318
images\Pj6eVCiy-IFeK-NJcq-R9nw-UwyxRZhD8vul.jpg,yellow,586,8,698,328
images\ipZ7Etnd-kA3l-WSPB-9Qk4-3GmLfwsXUo56.jpg,red,586,8,698,328
images\TzDA192B-VPMy-Av8d-fsvY-kj8YEXyntbL1.jpg,red,586,8,698,328
images\JngfGdiY-KsPT-NU4G-OnHP-NIEdjKib0oxD.jpg,off,586,8,698,328
images\zOVgetsQ-PpZ1-ubBg-WXpn-CPsjvAZHBmkh.jpg,yellow+red,496,21,572,177
images\9r05fvdS-wj4c-cNCt-Exg1-Sl23v8wKsXVu.jpg,red,540,8,661,318
images\Eqn8AZat-d03n-jNXh-pGeK-GjdXuaye6MSY.jpg,red,540,8,661,318
images\kvipdB5T-QXZA-2Myd-Ym6L-oybHS2ZIsThP.jpg,yellow,540,8,654,306
images\zNpVHU4f-ucSO-TjH1-dqjl-N8OJK5PkeAdX.jpg,yellow+red,540,8,654,306
images\5xEPnqoI-bd3J-NwuD-PmcB-Dx4fHqtm6pkX.jpg,off,588,0,629,86
images\nH3Cv4OX-Htu8-ULa1-AWv4-C8J6DZWsO0c9.jpg,yellow+red,511,6,644,342
images\9OU13F2a-l1rJ-ODIg-cMUG-kU6K5GcgdBnO.jpg,yellow,518,9,656,342
images\MGvjOalh-s2CL-rCyR-jZWu-xF0jPTtVAb1n.jpg,yellow+red,518,9,656,342
images\Kt0IUhO3-z3Km-ButK-8M6j-syUJY9N1684e.jpg,yellow,526,9,663,342
images\9tAKnmHy-a9CB-1jiz-vxkj-sp4jfg8QCd3t.jpg,green,530,8,666,326
images\m6vx1oXw-9WEh-h8VI-RoXg-aWepnyDEUzir.jpg,red,556,17,682,328
images\ZWsTL1xd-BUlW-qXyl-JdBZ-A8OPHyQbLaBN.jpg,yellow+red,600,8,698,310
images\SG4dZYrI-Vdxi-vEzI-xQ68-TG265uAvazRH.jpg,off,600,8,698,310
images\WhGp1sEz-hOB5-fnBT-iz5b-FtcDTdxqfyBo.jpg,red,600,8,698,310
images\vhkewrcf-VP5M-mMiF-q9Hc-hdW3CYiRZfGa.jpg,yellow+red,594,12,700,342
images\q10EFaYl-zwyS-AJFC-Z5JX-ZwDRKzEQ28FX.jpg,yellow,590,15,710,350
images\VJdr9xfi-8Tys-i4aT-EjRY-iTGDSVPJxzEs.jpg,red,574,18,704,355
images\1hZDvWNI-zSQh-ENIb-Mzip-4b8dTylQwRr6.jpg,green,535,17,673,347
images\AIPUeKwT-OBqa-oLZC-uIbv-7N2PdUXehKia.jpg,yellow+red,520,17,648,332
images\3Qtvgm1C-KJZl-VWF3-PB3z-5fOvjbzAMJpU.jpg,off,520,17,648,332
images\X6Ud0EIa-zCkB-I9tZ-RJpz-CucwE8DztaOj.jpg,green,520,17,648,332
images\4pzcUn7J-vdW8-SO3M-Utwh-sj0p9QETih5v.jpg,off,520,17,648,332
images\U6SwWvcm-gfUs-9YwN-jpZ4-lrpcOen4X2sU.jpg,green,520,17,628,336
images\nQetbNzq-XJdr-SyZY-6xJd-7A6XiWO19trx.jpg,off,513,18,638,334
images\6kODiY1L-yOo9-Uxfq-oMUu-iUD3nJXmzEvK.jpg,off,470,27,626,358
images\UM5XrvqN-Vemp-3w5a-xskw-oZJcKqw1enCk.jpg,red,470,27,626,358
images\6j1aTZOE-Jrdz-mLZR-9mg7-H68nwyrWKIsT.jpg,red,493,27,636,373
images\nirT1wOK-10Zv-laz6-37DS-1Rxgn6GkAoby.jpg,off,498,21,572,170
images\QmqofBWD-OWxf-0kqn-aKSd-7JxvkQOAMtKy.jpg,yellow,549,34,690,362
images\dmBD62Kl-h0xR-J2wp-CREz-u8EFRH0LA91r.jpg,green,549,34,690,362
images\TcJe6Lbg-X9ZF-O90x-WAZJ-Ii84EqBYrJwS.jpg,green,568,30,693,355
images\MhRV2JH4-DJaC-u5Rt-anhC-91xkYhqJCzTQ.jpg,yellow,577,24,702,350
images\YfHD9sw7-0OLC-S1FU-NPWJ-M2PNHR5nq0dh.jpg,green,577,24,702,350
images\iWB9ZAoC-AmIt-ZGTt-pwBn-29Fwr8dCH6Jm.jpg,yellow,594,24,702,346
images\wVYSb1Rp-5XjT-Dfea-3Nrv-pVOJxBIL8uRY.jpg,green,586,24,702,352
images\5r7zvRXw-TxaP-L9EZ-9tiz-GRuw27qnSbZJ.jpg,off,550,14,675,392
images\3GRWDQ2B-uqHV-obl0-nC5i-L5cfOoiGQIMJ.jpg,green,494,21,568,170
images\ocQL5mrH-NyxC-fk9w-BQqO-rbSkJ5ZNeivc.jpg,off,523,21,678,394
images\skIAEqKY-9V5l-Ktol-xGZg-oTrNGk53xlwH.jpg,red,512,28,672,408
images\TYqm7Zf1-Sz1v-yjqx-PAvb-pXIQg6ao4CMe.jpg,off,512,28,672,408
images\hxWH0Srp-0Acx-xUVR-gyn2-On2pIkEHYNqU.jpg,yellow+red,498,27,668,406
images\L4ud5qiV-cTJL-jMBY-0LyS-cDF6VMakbnXH.jpg,yellow+red,485,24,656,403
images\J3TVU6sY-aqp1-HfOb-TlEc-1BJd6OoLen8z.jpg,green,470,24,640,403
images\1h9MYmXI-1BuK-rZjq-Th43-AP4o9ZuB1ldR.jpg,green,470,24,640,403
images\em25Zgfn-Ggbl-il1c-ligE-B8i2TOt7zRVP.jpg,yellow+red,456,20,613,387
images\DOev4cBi-gEAC-1Ezh-zqSy-rxW2qGvOSZ3B.jpg,off,494,21,568,170
images\zFP6L7gc-Aktl-bq2X-Ji1c-qnA8tapOjNSK.jpg,off,412,0,581,431
images\ArYhw7P0-b2RU-yJNM-Faom-lexq4bPn3c2k.jpg,red,494,21,568,170
images\WlAzqFrU-vEpd-M03e-nc3a-PtCuGpeLn0NX.jpg,off,440,14,654,436
images\I6ObrJRP-LhwA-i8bD-XfgD-184lkoGQqn53.jpg,off,479,20,677,428
images\et3fkLhA-YI4i-y1H4-Wnto-JaogtUDw5dkI.jpg,off,528,19,672,412
images\1dMrEvoc-7hiW-qNEK-o5sH-xHy74LE1eIJX.jpg,red,528,19,672,412
images\XQBZ9lab-BYDA-vuJV-6DRJ-SQGl4FtrfLNa.jpg,yellow,528,19,672,412
images\WroTdCXa-UjEs-NYek-uOxE-9MLpAtrBTsSJ.jpg,yellow,558,19,672,414
images\a6MSWEy1-3kgi-NlWa-y02j-Tkf67lAPXNac.jpg,yellow+red,508,9,664,470
images\SpuUJojQ-6WlJ-RcuE-OLhd-hyzEWrijCDtw.jpg,off,508,9,664,470
images\3cgQGRXr-KZS2-Icry-vpcU-cwF91fiqda2g.jpg,red,462,11,664,486
images\n5lvCwkY-zHJD-jR2I-a2AP-fd18mOal0wYW.jpg,yellow+red,427,14,666,504
images\atyCSBNK-A7xs-wfHk-TjmJ-a0qxGA9nEU4N.jpg,red,411,17,671,514
images\i0blGV2h-sK68-M7yF-8PIa-D7B69FpWIhzG.jpg,red,494,21,568,170
images\Q0wTu9l2-gSA2-cWAk-JrNy-t4c8rNQ62BUH.jpg,off,484,16,725,516
images\FnSCwY6e-xGlR-bjXD-O9Rj-oI3qHlD4Ekci.jpg,red,496,20,675,518
images\BZIsvd3S-fcjv-VLle-TDcp-SYraoMIitfF7.jpg,yellow+red,492,7,668,502
images\AbE2LVF1-zakd-iJYa-QNZe-b8i4aeOVXH3Y.jpg,yellow+red,900,12,964,108
images\D1uXWEfv-2tYX-nRNl-z0l1-Owuts70gnopi.jpg,yellow,916,14,962,99
images\DPvZFA4i-qCe4-U3Wa-7oVj-XkOgKhEa7Awi.jpg,yellow+red,916,14,962,99
images\xOGBl3LQ-ATiS-fW9l-5fsO-Nxw8jChLk3Xa.jpg,yellow,494,21,568,170
images\AySNX80z-PGE3-IAlT-J6SX-5i4LNU3Zjdwm.jpg,yellow+red,916,14,962,99
images\zfEp4Nqh-WD5B-WZJu-EjG4-kU5KsqBtZCuI.jpg,yellow+red,910,15,957,100
images\Iw8zgtBs-XBmD-Fsc2-KwHm-BCo9Ui5PxSMI.jpg,yellow,910,15,957,100
images\MsleZoNz-1wey-5ChP-zQxI-jUFvdm9I8hft.jpg,yellow+red,910,15,957,100
images\CLtSI1xO-8xy7-bYGR-vrQL-ycQYwk0Z9Vtv.jpg,yellow,910,15,957,100
images\51u4OcYk-2xoN-dAWF-eXYp-WD3YkUivKxQ5.jpg,green,903,15,950,100
images\oVlpCEcq-lG3d-Qzeb-LYB2-6hzmSg592LBw.jpg,green,491,17,564,166
images\uwDxHVIE-yCFo-RPQg-5mTp-4lVq3O2aAuog.jpg,yellow,910,20,960,118
images\izRx9Vuq-chSU-yB4x-sMhF-tXc6V5M82lg0.jpg,yellow,910,20,960,118
images\yeHa4Vfz-9tcn-cY8y-XQeT-RNTe4QrOP5FJ.jpg,yellow,910,24,974,118
images\YKoXPWp3-Fvjf-WfPs-UB8r-UT32JmbX4rlk.jpg,red,910,24,974,118
images\LfaCZMzw-Dihl-80ri-Kw2Y-gstYyZkxqrI1.jpg,red,910,24,974,118
images\n4UzxAij-qptB-v2a1-xwPK-RU49WFS3Mb6p.jpg,off,910,24,974,118
images\goCq7Fzc-J9Sk-erof-jgW9-BtmcJk4UduWV.jpg,yellow+red,910,24,974,118
images\4DXAJOpy-aCOL-dTru-vf1y-f0tnQ9Xy6xTO.jpg,off,910,24,974,118
images\8qlCvi9m-JhDG-FaIg-1Q7j-FmAHhN751Bsd.jpg,green,944,28,1017,140
images\0ieTdLjN-1ktx-m3a0-OIaj-IkSF6xZip20T.jpg,green,944,28,1017,140
images\iQc7tFXs-s8y9-cyJ7-salh-vrn0RwKUSZl5.jpg,yellow,936,28,1008,134
images\Gw04OPL5-y0FQ-Gtgk-62i9-cuIDz8ylMTrg.jpg,red,488,22,560,162
images\E0kC175G-iyRl-o74v-YthN-nNbSJFR05ycA.jpg,yellow,975,22,1049,148
images\g2nOpcBF-PexW-HUNk-1U63-pgLnyQDvNARZ.jpg,green,488,22,558,164
images\7CIKckOU-SZGU-xB2D-mJnK-rQXTyjVJzc4P.jpg,red,977,24,1060,140
images\gZYUq1Am-PgkJ-MSje-hUKk-2p0HbQvtSi9I.jpg,red,984,24,1062,138
images\YKOoI2Dx-hfvQ-khjQ-xijL-YeGrkVJZXloD.jpg,red,1000,27,1072,138
images\D4jvM9t1-1dQ9-u35q-MdkY-YdMF14pWig9n.jpg,green,1048,39,1138,179
images\70LAeBDC-PsHV-MjJi-ayfe-1L2Ad9p3IsfN.jpg,yellow+red,1039,38,1129,178
images\ILmiy8hK-eRwj-4YTn-gWn6-EbfGH0I7tYhy.jpg,yellow+red,487,16,562,168
images\F1WdDORG-2D8J-MWGS-Ve8O-H80U1MhRd4jv.jpg,yellow,1078,43,1182,190
images\PWUFfLM8-NwD8-WoRs-R80d-ceqfMnPT4ALz.jpg,green,1078,43,1182,190
images\cqmXWGQt-N4X2-X10o-f7Om-Fqi5D7sUAQzG.jpg,yellow,1078,43,1182,190
images\nFIUeZC5-cCwn-cFSf-dOfB-6oN0DcPVJMQl.jpg,green,1087,43,1192,190
images\HRT8YgZx-t4kz-mr7f-LmWB-oKmpLHwyv43B.jpg,off,1087,43,1192,190
images\QwGXuBji-Ul8H-63JP-IuNc-WY3v9JmiEaRM.jpg,yellow,1094,44,1199,191
images\ZASKQaDw-D7lA-LY3a-5EaU-TfV1FJ6p98sL.jpg,yellow+red,1104,40,1209,187
images\ZTp2L6ex-SFl7-qDp1-X17R-CZ8PW5LzkaH4.jpg,off,1119,44,1214,184
images\Q0cZriOj-rvql-QJN7-qVfC-CHGJXzKos28y.jpg,red,1119,44,1214,184
images\iYlznhXI-hT7P-ewUf-sxJK-XyF4ZhkJOGax.jpg,off,587,0,632,89
images\crGyb62p-0oTN-K0qd-LNat-ZyAhkr8x2tge.jpg,yellow,1161,56,1276,210
images\XFazwWZ8-3bZT-eviS-wpl6-oyqftxbNc0Br.jpg,yellow,1161,56,1276,210
images\yZh7TWck-YC8U-QOmM-zUBm-aC9Dw7SWpMd0.jpg,red,1161,56,1276,210
images\KjnShYGd-Tahg-BhmR-1xbK-tzjq2SbmWMXd.jpg,off,1145,58,1271,214
images\qIT53o0d-EOgu-hldX-aTmd-EHUJ20jw45yR.jpg,red,1145,58,1271,214
images\MrbsgLR6-YURZ-sX4o-tDm9-ytq7IvxpM3V5.jpg,off,1126,50,1252,206
images\NQ6OK5ZJ-wAF6-mujJ-RhgJ-3bFoNDUp2g9t.jpg,green,1154,60,1280,216
images\xo4W3glu-VC2j-dcZG-5p2z-7egW2zKX8ETr.jpg,yellow,1154,60,1280,216
images\1sIQnhyt-mM98-4OLR-lBwx-jzb75lJCdu03.jpg,red,1154,60,1280,216
images\6Zs9TAwe-CYbM-lD7w-LRuF-RPIaKXFbBmNi.jpg,red,1154,60,1280,216
images\YukfHvUw-ZoEd-kpqK-G08O-F5JEY9VfrjNd.jpg,off,1154,60,1280,216
images\KgHE5b8F-7J02-wKES-2C9y-UwtJlkPgoTEC.jpg,red,1141,60,1267,216
images\NUSYmEbF-dBaA-KADd-oleN-gACTbQhWtn9E.jpg,yellow,986,38,1164,286
images\RNm139il-bg8m-KRdn-qU40-YrwfXk3R7amt.jpg,yellow,937,38,1114,286
images\2iWKoU8l-Sfr7-M0Sg-g60c-jENagRAwtUDe.jpg,yellow,999,40,1159,286
images\SlEeGv47-Y3qO-ulcL-dzZr-zwMq4OdSa5An.jpg,red,888,36,1070,335
images\bAPafVlB-DxrX-v56r-D4zr-zHi0vIfVeDUY.jpg,off,884,36,1066,335
images\cBpNPX7h-NbSy-Cw1h-0mFd-lxcA1HLQvXIi.jpg,red,796,31,962,318
images\950BLYhi-iXZI-15xo-nzq8-WjzHdIgtvewu.jpg,red,819,31,994,327
images\qlHFidsf-7yQz-UHrI-cx6j-1WiPyTUwr0Go.jpg,yellow+red,856,21,1034,326
images\K6OtRAwd-Fnyx-HOuF-k3VZ-l0Rj1hVJbayk.jpg,yellow+red,799,33,1034,418
images\jfu7FyoT-RKn7-BxPQ-Yhm6-g59GhnZEQMpb.jpg,green,764,34,999,419
images\9lk4oZ0c-8Ubr-pjis-P5QN-kP9ObnoD5VLe.jpg,red,920,40,1186,446
images\KXoDcsBV-QjDI-N3uC-1RYl-f2QTcNnZaRKg.jpg,off,920,40,1186,446
images\p9G7ZmsC-F5cT-TUIx-RiLC-Mn25RoaTVYsH.jpg,green,991,45,1280,483
images\8D1GdcrI-WM2i-KNHM-cQKM-l8na0FPs6o2k.jpg,off,991,45,1280,483
images\4Bb1EAZL-6oRV-N4Bp-6oPu-rgKfhaM7Z4de.jpg,off,856,30,1001,283
images\U2tQpWNv-O3of-LTw2-0uCr-0YbezBksOuKa.jpg,off,463,19,547,178
images\SZ6M4cuT-pAJG-fJlg-Lkrc-kVcG5ZEWLjID.jpg,red,902,28,1045,266
images\HAUolst5-hAkl-cydM-Lxv3-cYA8Gz3djKwM.jpg,yellow,902,28,1045,266
images\1FZ8OgpP-eJur-4A7N-mEfw-mAET9aK8jt5k.jpg,yellow,902,28,1045,266
images\oP8uhqvX-FOzm-h1NB-KXLz-I9JyfOanFteu.jpg,yellow,934,28,1045,262
images\R2iVlAqU-tcGO-zHQf-Yu38-TzaRIYEKB6GS.jpg,red,934,28,1045,262
images\bDApuNEd-qtTk-HPBq-G139-9Ho1fCb426GO.jpg,red,463,17,546,174
images\cANIHru9-mxA0-TLy5-Iprt-fx6DOpYXEaVI.jpg,off,902,29,1032,247
images\hfiObFrJ-Ndk0-0Jih-Xz4O-cjx50zUYtiD2.jpg,yellow+red,796,21,914,250
images\7zECetka-2PmZ-ts8Y-fw1E-3ZlfRNwtW0VL.jpg,off,796,21,914,250
images\SqLtNIl0-tnaU-JpjZ-3NLb-9lm6k0CohbQI.jpg,yellow+red,690,20,764,226
images\tsOxVXe0-WFO4-Flx1-CHDP-cfb2OsTqhKg8.jpg,green,682,18,754,231
images\TGJ3hC9X-a4Kd-osBV-h9dC-PYp1bO8D7Uqx.jpg,green,688,20,771,237
images\wFYiHKrp-n7jI-uRqN-SZHL-TKbxZD0mzXws.jpg,off,462,21,547,182
images\2QZ1KjDE-xn1b-2oDS-8wCy-3IbmMtrn5yz4.jpg,yellow,704,17,782,217
images\Nr2Gj6Et-izGD-CFBv-W8Ms-kRLIbHgiF8pq.jpg,off,605,22,668,186
images\vWpty4fl-e7dl-e1ik-HfK9-gvUhSnCsWurR.jpg,off,589,22,652,186
images\mFoyC6Y8-Q21R-V5r4-wORg-e9qp0ra7YZvw.jpg,red,569,22,632,187
images\ykgQU6qT-a2bO-BW4i-OQ1Z-Kv59DM2rofqb.jpg,red,906,28,982,182
images\Ga3onMvg-JvFc-UZcX-QuC2-CftJ0Ogm2hld.jpg,yellow,458,21,551,187
images\B7HGVO5p-hlGT-O5Jj-7PBj-rI2jBd4fCx07.jpg,yellow,922,26,992,162
images\gZd5JcYW-1iCR-giqE-A0l9-E8q25GDzeA1S.jpg,red,922,26,992,162
images\WqS7a62H-XETv-8TmW-u3V4-ymONnZlMjHEJ.jpg,off,916,26,985,162
images\qXZYATcE-igch-U9uH-NCsu-WcEFfIA7lJih.jpg,yellow+red,907,28,983,165
images\yQl2TV5g-F9Gs-G189-73oe-2GEmkfFZuK6j.jpg,off,907,28,983,165
images\kC4NWbew-YC7V-8qnH-fKDq-h9kEBDybaR7l.jpg,red,897,26,973,163
images\OZF9W67a-ftzw-82v6-xBXO-gW7I4dPQXfxj.jpg,yellow+red,804,23,879,180
images\CaXoEYfq-sdt5-XhdH-sxYB-f5mh1ViobOzA.jpg,green,796,23,866,172
images\sygtAC01-yVZj-K5rh-2qxD-cOsolN281QZr.jpg,yellow,796,23,866,172
images\cgptxSo4-hZnP-mxBJ-YS0Z-ZRlCQ1HwrXPa.jpg,green,800,23,870,172
images\j48cyd9q-Bx3M-LJOd-v3ZB-bxaPE5tsvY4B.jpg,yellow,813,23,883,172
images\BVN6elTn-a7od-NTEr-7sIS-urEPCwk42A9N.jpg,off,816,22,893,173
images\ebAgOsxW-0xjA-yduk-MtTg-bLAIfs9zOlZq.jpg,off,816,22,893,173
images\nmLtWFoG-8CpG-IdQv-G5k2-QqWf26TUkKPx.jpg,red,460,22,547,182
images\VtJH62nK-Kg65-2f9b-68wC-CXjvAtWOxBPa.jpg,yellow,676,16,726,135
images\zCYwvUjV-XR0r-yDwO-Lawv-1VjYTXpoMRSx.jpg,yellow+red,676,16,726,135
images\WBCUmc1S-VMrk-BXfO-u0Fg-Y5O437kJcPhp.jpg,off,676,16,726,135
images\5T3J9bxQ-9qtR-HnbY-BL3g-VUX5lTfYgyS7.jpg,green,732,18,786,148
images\mhLQAX4k-jofz-HqJd-gRsP-Xf2FaKOS0qGe.jpg,off,732,18,781,132
images\u4IKUc5k-vdng-e3Nd-xVt5-m0pwWgsldS58.jpg,red,739,18,798,138
images\kvJqjmn0-BvUn-NALi-vRoj-YIfedJuAUlpn.jpg,yellow,462,22,542,182
images\p29rn5gh-XLyi-5jqK-tzHG-Dcl8BvLmWu69.jpg,red,734,18,792,138
images\jJzqpbLl-C5Mv-DJLd-HQRl-EU4mLDdxibGp.jpg,off,734,18,792,138
images\NfMoQy39-ekcK-HEUA-CAhD-zctATbJV90yF.jpg,yellow+red,734,18,792,138
images\Cz69DEtq-spfC-pk4B-CsqT-bJENvUMrP3da.jpg,off,734,18,792,138
images\Ch1kji3z-25aQ-0HTC-SFyA-OrouGgAs1Z48.jpg,yellow+red,734,18,777,137
images\fND9VJWC-I0Mm-2tTi-D0Br-EiKyblZgHwCr.jpg,green,730,16,775,130
images\y1kRvQKf-vDfe-kWl0-MWoL-Z6Ky74f8zOAs.jpg,green,730,16,768,133
images\IDwy8m3t-p2jo-s5Jb-2fac-N7Q0nGYMatlm.jpg,yellow,734,18,782,136
images\neixrCqc-Quvp-LUSN-dg4n-DqMz7KywBWJC.jpg,green,740,20,792,148
images\CoRH1rpu-pEIa-DudA-1Nmv-DokHw7hJf4qg.jpg,green,462,22,542,182
images\rfZydXwv-gTAo-A5TN-ZBbR-1NUosgKwEluL.jpg,yellow,740,18,803,158
images\JsK9GOiu-dv0w-MZlV-M5S0-PF9Z6uaNAs5I.jpg,red,756,18,808,154
images\dM9zhxyY-MibY-bPdA-iZgX-sXI1GOw7TtBl.jpg,off,462,22,542,182
images\Re3tv7Op-YmM9-DFov-4JBR-w01lPEvthFBH.jpg,green,824,18,894,162
images\Xh2pTQ5N-ugPL-oOjI-A91b-lK0k8TA6PmgR.jpg,red,796,18,875,164
images\kAMG2c8U-W8P5-YrgT-bI7Y-w4IjB5EyDr0X.jpg,red,786,19,866,165
images\6rpjxZtO-wUhr-5uio-yc5s-eIlf34W8Y5O6.jpg,yellow,786,14,850,164
images\0VxC3iwH-FvYd-pvKF-3UI4-xDEQTRfg7qtK.jpg,yellow+red,798,18,862,168
images\0KD5Y9qb-lPLx-Aw9f-v8AU-AQyv6XPETcfD.jpg,yellow,798,18,862,168
images\i1fs9THN-Wshy-z5dm-DgLU-3HvdeT2swmKR.jpg,yellow+red,798,18,862,168
images\7USdnpMf-y6S3-nF1x-zM3s-FeYScd7L0VJE.jpg,yellow,806,18,862,164
images\XNEOWDIT-IBCA-HcMA-D3YZ-5wkHp6Pnt3dm.jpg,green,806,18,862,164
images\amsCRVwO-xPSA-Kbs6-yim7-exk8bjdDh7AJ.jpg,yellow+red,814,21,891,163
images\Dl1FvjXZ-1AUo-VxGs-oc5v-ZCQesJLcG64u.jpg,green,814,21,891,163
images\EJZwLyVF-765A-1pC3-AX47-uYRjK4b3p5kG.jpg,green,806,21,874,158
images\QRzGcw7n-gjUy-zJA8-eOsM-ICS4GYWb01so.jpg,green,462,22,542,182
images\q9kOaybf-HtMp-8t9A-laVe-nN645buSmaOA.jpg,off,413,19,518,192
images\uANa3XPh-56FO-AQHR-Dwoh-jrYfaHKG4kMz.jpg,yellow+red,413,19,491,187
images\mC3ed8ni-WU3D-No6e-iVXR-tCIbvkOuYcAd.jpg,yellow+red,413,19,491,187
images\AUy9vel7-3UBQ-fo4n-RoOD-maJLVHhQqNi7.jpg,off,413,19,491,187
images\NgEOPa9F-0weZ-vWYi-SEiP-VOmKaehHtlzx.jpg,green,420,28,506,182
images\iNKqy6eA-NZ6V-kYcb-2M9i-3wtKje8RSFWO.jpg,off,429,28,515,198
images\g4f9jmon-Z89t-BLH6-pvEz-vKRXF8qtZ0mI.jpg,green,462,22,542,182
images\xjeZouMW-Wsab-MeUO-oP3w-GjaKu86EZNf4.jpg,red,400,26,497,205
images\6ltfGJnx-lgX6-a6m0-9BCJ-Liem2Ea8Kpfr.jpg,red,400,26,497,205
images\7ilMbjAK-xtUL-AVEe-5E7D-vrO476Uu31ce.jpg,yellow,474,18,582,214
images\BYgsKDy3-zJ54-il6f-4OiC-ckRavXyVKmMj.jpg,yellow+red,474,18,582,214
images\A9kzFEgn-uhnW-ED5r-vC1d-uSi42NaKxeAV.jpg,yellow,631,11,666,105
images\ycvjoYRU-DN6J-XhFL-6RIg-lBbSXvkA0gpu.jpg,red,474,18,582,214
images\KqE47PHf-cJEn-hzXw-zTaV-2Gqrz3x0YXlw.jpg,yellow,498,26,599,224
images\hoOqJ7zj-AZYk-ZQH3-Bzum-bGFHpnr6xMEl.jpg,green,503,24,588,214
images\07wSHkjt-SdrN-gdNj-PQLI-DTVvlAnFY8IX.jpg,green,512,17,600,218
images\Vq7skzr3-cT5M-hqFK-34xw-5nxIR3fv8OJF.jpg,yellow+red,458,24,542,211
images\A8PcY2hB-Yi1f-mA2F-mGMI-ghcq2j5YVMez.jpg,yellow+red,368,31,471,214
images\r5DBMOpt-THDz-ke1o-jdxr-pJj8I70K4vA5.jpg,yellow+red,462,22,542,182
images\MKLgxwPX-gz40-ONl7-xH6q-f1oLZF0CdrGn.jpg,yellow,401,27,494,195
images\GPxpaAoL-Osgy-Ksgr-M2ky-nxq4zaJXicgo.jpg,green,401,27,494,195
images\UXSJtnoW-DBco-WCtU-Pf3F-P8ZnRCBx1Jyc.jpg,yellow+red,410,24,506,200
images\Ph3xQsp0-efBH-PHml-RSsg-gj2ckGMyIswp.jpg,off,410,24,506,200
images\OqYoUVPd-ynre-t4RJ-vD8q-x5vZbT7WH0BR.jpg,off,410,24,506,200
images\fHmECQ6F-Bw0j-2fiY-GWJD-lSpk784RXK2P.jpg,off,415,24,511,200
images\h8LEaIeu-YsKo-pgyx-LcRG-vlHQ1TnAah78.jpg,green,415,24,511,200
images\1MlB6h5z-IA4f-Osmc-c3sl-MhtQXq9BkLGJ.jpg,red,722,18,812,226
images\cOhAZMnt-180U-4EPv-X6S1-ZhqDLAfY7VHu.jpg,yellow+red,722,18,812,226
images\KYZBADNd-GKRg-08qP-5S3h-WNir7oe1VS3Y.jpg,green,710,16,794,212
images\KaUZIenl-eyYN-k2qQ-GyBt-9ChHBYIitjyx.jpg,green,710,16,794,212
images\rMvOSXQn-cLrN-4VDQ-GycF-IOltEsCbA5UP.jpg,yellow,710,16,794,212
images\zYf0hUio-Zc4H-bhn8-e31M-NMehIu840UtV.jpg,red,629,8,674,103
images\qI2hEKiW-61XZ-LfQC-8QSf-1v8DzIWgdabq.jpg,yellow+red,458,21,548,187
images\YDfE0s2r-QIAh-9t4B-NmPx-y3Ut217069Aw.jpg,yellow,458,21,548,187
images\8AH5hu31-Wzt1-K0wT-UEL5-E6g1oW7N9aF8.jpg,yellow+red,630,12,670,111
images\Bocr9whn-okRF-4hYm-mZU2-7HqLWGYDNeVy.jpg,green,438,21,534,208
images\xUakITA2-cZTH-FED9-nxuN-MdSFhCbLen1j.jpg,yellow,438,21,534,208
images\bL04dlUA-syuH-jCKi-hcbD-WFod9egzX8jt.jpg,yellow,433,21,534,208
images\BgHUvu7Q-Udqg-9sxW-clQu-yphtOjKq4WdN.jpg,green,424,22,534,208
images\LIuxBn54-E6hu-KYaB-ROF8-HThxMyF6CP3S.jpg,green,424,22,534,208
images\DI31GYCt-ljAX-gc3q-JDRQ-sx5eYBl0PbZG.jpg,yellow,630,6,673,106
images\12juLRgI-hV9M-zOdN-CckG-u5KiCoRlF42n.jpg,green,424,22,534,208
images\4XNnFUo9-v39p-Ux8q-fnBT-DU8RXCj03Wcv.jpg,yellow+red,416,22,522,211
images\exXi6JBk-bVPM-nvQc-hD6T-bEchoweUdAYz.jpg,yellow+red,416,22,522,211
images\drPjQvx2-2DRI-RbJN-ACoc-pFOtb2nBu9i5.jpg,off,416,22,522,211
images\Xjz7Qc4f-jr6q-dxS5-KXWl-a7VE0GoQhunb.jpg,yellow+red,416,22,522,211
images\ZkmUMcvE-PtZl-iC9e-Zjqf-HajmoNg7AMs4.jpg,yellow,416,22,522,211
images\f5NAT9yd-jF59-8fVY-Ulws-hklavxyeQc2C.jpg,green,631,7,673,100
images\XudlLo8B-L6K8-xoC7-dF8z-JonL2sKi0QOH.jpg,yellow,414,20,512,207
images\uw5y93Yd-4az3-uz2U-DgO5-J795ceMNdCuS.jpg,green,390,26,491,227
images\NQ9ycjYk-RKSD-0iVb-C0ar-6UD0gJKzsPOV.jpg,yellow,390,26,491,227
images\fs6GeO0b-sDu1-xsuV-Heib-oU0zYqhTIlGg.jpg,red,390,26,491,227
images\Aa7K2jwg-1xsX-hKdy-0Wpe-qa0hg9Zb8mdx.jpg,red,390,26,496,232
images\ubKJI8Zy-8vHc-UNnK-n8sA-cCs4gb7Jk9Q6.jpg,yellow,390,26,508,228
images\O2Zm179o-VBkS-9IEy-sZMf-UMY0lwPF7HAz.jpg,red,390,26,503,234
images\NA1z4mlG-2p1D-bivK-FSX4-BMU5SjoPqLhl.jpg,off,394,26,508,234
images\gB2JQLnR-Qb0F-fZ2d-rNua-8YCSegXaBTHw.jpg,yellow,398,26,511,234
images\GiqhYHUb-TBtR-3sPE-GpSY-TYMCFUhjq2zr.jpg,red,396,26,510,234
images\WUnz9EP8-Dg37-uRXW-PLcq-5KZmnwTbjLct.jpg,off,398,26,512,234
images\1gItXpnz-Fndh-2Jy7-Olt4-sJZN3zQRSie4.jpg,green,409,26,522,234
images\Phq0f9St-rPIS-x2y1-i1Ee-yRksfSZJ5DHh.jpg,yellow,409,26,522,234
images\aWCDFlqZ-RyM2-x65P-rWpM-xjGMq5SEzliO.jpg,green,634,12,670,104
images\9xGgTIlR-tDWz-c2U5-vm67-71dELGxhye3a.jpg,green,412,26,525,234
images\dh1RPYIB-u5W7-QKD1-ZO3w-9PKOf83LRBny.jpg,yellow+red,378,27,510,243
images\5AXWDmGN-xb85-Vf9v-JVog-rbAjWeiMXnLE.jpg,green,378,27,508,246
images\T94lfstz-k47h-uCGr-ZFs5-8RDjXS0VOtuQ.jpg,off,371,29,508,246
images\SwyMIuBJ-X0A1-Ii8P-pvzu-nocwgzXLPCEm.jpg,green,372,29,508,246
images\3uNJcEvo-xT0z-FNi2-KEzB-e8aVIdQgWHvB.jpg,yellow,364,29,500,246
images\l23invzx-ibQP-SldY-Igfe-LcQdrWFxuqYy.jpg,green,633,11,677,104
images\sz6Zv3ux-yId7-N7gs-RxQq-JrC0QONA6Idc.jpg,yellow,336,53,478,276
images\DY1vNeSw-5vMQ-7tfJ-QRGP-SdtWCH9ORV2F.jpg,red,336,53,478,276
images\4V289Riy-WZaY-H1Xo-f6Jk-xrC6SNcYly27.jpg,yellow,336,53,478,276
images\xhAGQzZr-AFrZ-7dAs-MZJ2-7Lcjxap91B8E.jpg,yellow+red,336,53,478,276
images\v7UsqfJR-QJDw-CkMd-EZ8K-TEBRcYaFIp0Z.jpg,yellow+red,335,52,476,275
images\QpP1UujT-ZCUT-akVv-dbai-yuiTPUIphAgn.jpg,yellow,330,44,476,275
images\J5U7D9vo-fQ0Z-HQzF-IKME-GoCQAOdgfIS3.jpg,red,330,44,476,275
images\BK2ZIgXC-8Sek-vB8x-AT84-rV4BSUGOcC6R.jpg,green,338,44,484,275
images\ZWYqe1yI-Wqwz-jvXQ-AIiq-cBrMNolIKpgq.jpg,yellow,338,44,484,275
images\rGN0cw1T-kn93-w1qN-MrQ6-9yHSIZgCUP6r.jpg,red,338,44,484,275
images\zexPK567-nW7Z-7ic8-6lH4-ReCT1xPO0S4g.jpg,yellow,338,44,484,275
images\6f8oqWDh-L4B3-4pr5-Hzdt-V3ujCvOa8sYZ.jpg,green,344,44,490,275
images\57MY4CGI-6I1O-vPd2-LgUR-0fWsK4mVxMaD.jpg,yellow+red,351,44,497,275
images\p42evm78-Zl7v-lYRa-MI3t-fg7mL92a3psi.jpg,red,632,6,677,100
images\0Kg7x69w-pcdl-4YVz-2JE3-ZlxzdGUq9D7e.jpg,yellow,318,41,480,293
images\NLR6TbpU-qPtp-oWyU-hzQ4-FPRExCBgdhiS.jpg,yellow+red,312,41,472,298
images\n6sWzlL0-KAcI-GM7v-HMrs-P1jlx2ugkfNT.jpg,off,302,41,472,295
images\PFoS8gcJ-4tKW-zPcG-pJgF-udhbEl8rvRGC.jpg,yellow+red,302,41,472,295
images\xd39c8U2-Y3jw-QOfz-gixS-6VouMF3glrIj.jpg,yellow+red,288,41,468,301
images\2NFHGbXU-rCmK-cFv0-0lJi-Wt6Kfxe4kyoC.jpg,yellow,288,41,468,301
images\GUa08IMg-2FqG-IMbr-at0m-ArepfowtaULB.jpg,off,288,41,468,301
images\LTNF7rvK-wn0L-txNK-JFHL-BCrfMb0G7ETc.jpg,red,288,41,468,301
images\sVUl4OhZ-V5yE-hTQR-gvOj-ie86WXcGlY5v.jpg,green,281,41,461,301
images\tZvQRnpA-7H1L-LyOz-QAS6-6xuNmUqLBevn.jpg,yellow,283,32,460,288
images\mdHTkLxF-kAIP-EASI-zoeK-3Hy5nFmCiGU7.jpg,green,275,46,448,305
images\4JhfOpxG-upUV-wVlv-Dv7R-IGhiDUpZcCWY.jpg,green,283,44,456,298
images\Wb73cnC6-f59L-ZdFf-Bo68-iRNO62Gxp8KZ.jpg,off,278,43,452,297
images\93OSGDyz-WZBE-4c6C-S5cY-yulw9dbP436x.jpg,green,636,7,676,106
images\cZmxG0Fh-cUH9-mCVI-MZbL-CNenI1fGj9Am.jpg,green,224,54,434,321
images\Pyc28LES-xRHf-5ABW-QAl9-UKm2MyEfjuxq.jpg,red,224,54,434,321
images\pvDrodtn-pPiV-6nzF-AFsT-X3E5eymI9rSt.jpg,green,224,54,434,321
images\1oV5sLwb-gWVP-5ctx-PLBi-Byla64ITRXEe.jpg,yellow,224,54,434,321
images\gpEtUoY0-Kso5-9drz-1f7W-l1WeTCBYFokR.jpg,yellow+red,224,54,434,321
images\zRZdukOS-SJgh-Evxq-f5OF-wxSndDL7EboG.jpg,yellow+red,232,47,441,324
images\kUxQCWDM-Tjoi-wYQv-sA0Z-oYMdcumX3nh4.jpg,off,232,47,441,324
images\xaYEG7e8-voNU-6kdg-qNEB-F6zfOr4Zcyle.jpg,red,232,47,441,324
images\W7809hBg-ehK2-JjTF-Pba9-w3hWdo0nf5XD.jpg,yellow,232,47,441,324
images\BTHoOhjs-kmAf-FXGS-EJXq-igb6DFMaT5eI.jpg,yellow+red,232,47,441,324
images\GCLm23KU-mSOt-jKwJ-l8FZ-8kpBr134eDaS.jpg,green,548,17,591,124
images\5sh803mc-paFA-lXYT-uelF-Qo4TUFsqtLpX.jpg,off,203,60,414,348
images\ex4QBrKA-XZDn-YWI8-1XMZ-JnS021KZUAjw.jpg,green,203,60,414,348
images\NC1glnFv-tMoh-dNa2-JAZd-Hjcedl2ufLmA.jpg,red,203,60,424,360
images\qLkKei1W-g7cN-0rNt-dQHf-E7XFogOnAmDb.jpg,yellow+red,203,60,424,360
images\f1n9BjHy-GQuA-pqdh-YAcn-LGtugkOPZvBh.jpg,off,203,60,424,360
images\ZAGupWoM-lzt7-qf4i-pEX3-VozpmBhPy0Xe.jpg,red,192,62,424,360
images\lUIpJiAW-GyaY-kHzo-fnP8-BbkZALjPYsV4.jpg,off,192,62,424,360
images\Un7ZqefN-PdEy-UKWq-RZi6-P0kMJ6lTYzdS.jpg,yellow+red,180,57,424,360
images\cAYkqSFZ-iVdw-iAcT-OBKP-vatbnm6zu2xU.jpg,green,172,57,424,360
images\4UlYLNSZ-Cib0-Vxgw-UCrd-D8AecqziajrX.jpg,off,544,19,592,127
images\cKAET5vi-eJOp-4BxS-1xkq-rZHACV3KEpz5.jpg,green,172,57,424,360
images\lGtPyxA5-ZXOI-xqQu-spvZ-YAJwN705inqR.jpg,yellow,66,76,361,411
images\mVDLzEli-reyA-w8tk-sBO5-tZ17JWvbmNgn.jpg,green,74,74,368,410
images\3DrtvOiT-cYDm-0Mis-9Oi3-Dz5PZh4kUvGH.jpg,green,76,74,371,410
images\faRqmN58-x5oU-kzOy-vAYn-t2XgkroAWLD8.jpg,yellow,76,74,371,410
images\2CbJBYtS-fwY1-v9Jb-Lp8j-wk7dbQESHNYV.jpg,yellow+red,542,15,593,123
images\RNeiVdCm-zDlX-w5nx-yT05-gOHPDuzmX4kW.jpg,yellow+red,87,68,381,407
images\8OAhY12G-oaDZ-FtQx-XVoA-9Gnj2PCk8ZcY.jpg,off,100,68,394,407
images\5QukRtcT-TUvW-dXAN-KGtX-tv2xRFQNL6u5.jpg,yellow+red,89,66,362,398
images\gJrfu4Im-4f6T-jJpe-Gi5w-HPSelAgoF42O.jpg,red,15,85,306,440
images\6sHS032V-xdfu-D7eG-5yZV-a8fZoEgDLYSe.jpg,off,15,85,326,440
images\RpW9jhKz-fW47-vf8g-Obzj-FedJ62tm17Hr.jpg,yellow+red,15,85,336,441
images\Hdoelq8b-Sjct-e6pT-7xyz-ILKxmQ8eFfV0.jpg,off,15,85,336,441
images\DBfCr5pd-HiGt-pne1-cv9h-R4rZ8ElKaTWN.jpg,yellow,15,85,347,451
images\gKpSGw60-Yrz8-EDcA-LBKD-BUy0JsxkO5bA.jpg,yellow+red,21,77,356,449
images\20OMTFjW-M0kJ-S0q7-CyXL-kyvJIM2N7Cnw.jpg,off,21,77,356,449
images\atEUCM6A-0tu2-FGOI-h0lX-NqU0u8Ex3OgL.jpg,green,62,72,390,438
images\e54gNO3r-qUbW-ihHI-GBsE-S5DuzQPl69bq.jpg,off,62,72,390,438
images\QedpTE18-q0Hj-vMHV-DdsA-7LFCARONxikJ.jpg,yellow+red,62,72,390,438
images\pcVl5sEI-L0nr-fipZ-nlUt-R4iN9XrK2JWV.jpg,green,632,15,671,115
images\tkDj8MRA-Z7pj-I2Sj-nRhE-Eko5gVf6vtsz.jpg,off,542,17,589,121
images\Am4QZROB-xFDk-5azQ-b5tG-R3gmva8jzsV2.jpg,green,635,14,671,100
images\3KlpXMEn-CtAN-YEf9-agSJ-eOXwypq1KTjD.jpg,yellow+red,636,17,672,98
images\qsDjJVR2-103u-bwhf-TN4f-FjSCeETgZdYK.jpg,yellow,633,12,678,102
images\p7djSnCw-U0mR-EpZt-kabF-dk1lWDeUcMQ3.jpg,off,633,12,678,102
images\Awzxjd4r-CyAH-Q7ZV-TWKo-5uhgcEe6aLji.jpg,red,415,32,462,127
images\S58ujgLq-wZi4-PCOa-duMK-rkX6j52n9TlU.jpg,red,415,32,462,127
images\Qyz264Dj-9FMO-ocyD-vMBG-sYVQT4tSZE7R.jpg,red,415,32,470,131
images\vdrLj0T8-MxJX-SEJ5-GEl8-LcuOXHaZD8JG.jpg,red,538,18,592,122
images\d1YpvWVl-DEW2-S5zJ-JqwN-qpaJlX3YPsrR.jpg,off,460,40,525,152
images\LY0RkUS6-eSaJ-q3tF-uKx5-JFtUEwPAfMuy.jpg,green,460,40,525,152
images\4gB2dcHX-ktPs-PuCE-wX0W-q9hUBgf8jlLv.jpg,red,460,40,525,152
images\bV1h3ueS-lU8i-sR0A-LGZM-7F9HP4cpNJew.jpg,red,460,40,525,152
images\Bk0gZs1A-tWy2-40Wh-B29Q-sQP1HGJNTyBm.jpg,off,460,40,525,152
images\F3aKPOtb-Ugr4-Payp-azbx-riRcJnhyv5Xm.jpg,green,368,44,442,174
images\wzy3hjXA-yges-lSYC-7Z2n-bJTmEyjHeoWf.jpg,off,368,44,442,174
images\aOMfvHkg-S4YN-vMCq-GPXN-tAReJckQmBNH.jpg,green,368,44,442,174
images\rHpdkVjc-8Sgy-dhIP-8sfH-KSPQruEqxGsM.jpg,yellow,368,44,442,174
images\Rd8pPQOT-Ps2W-vS2c-qhLG-dc2vqYfiDBuW.jpg,green,370,44,444,174
images\0IOSP4fD-KUN1-Dqzd-AIyU-C1pTaS6oAf7Q.jpg,red,370,44,444,174
images\rIfLWSC2-udSF-lPHo-RMVF-wf98puVhjXWm.jpg,off,380,44,454,174
images\Txqf9lLJ-VWlt-1tTN-xK8M-BMdGD0pQboHt.jpg,off,380,44,454,174
images\cVIKpjtP-DoQW-7EKO-cUfm-KPZwOD0taMIC.jpg,yellow,328,39,423,190
images\lux0RMta-S2Wc-paxF-YZ9i-8rh1OwQRB9ov.jpg,green,324,39,420,190
images\cCDUuqNR-qT8L-J672-CSMt-QA5KxIE1Zujy.jpg,off,324,39,420,190
images\8pCXQkhV-wvxR-tZEY-Ros5-rdygwONj2l4Q.jpg,green,324,39,420,190
images\g4kvWBNY-KtQL-Qeby-8h9i-iNds7PHpW5jo.jpg,yellow+red,318,40,413,191
images\ns56gK0u-16gQ-fdKv-1mwh-D7tpfzqUnTyg.jpg,red,318,40,413,191
